N(bp),nProtein,Seed1,Seed2,position,configuration,,
105,2,660038,75081,-20.5,20.5,,
105,2,166752,70254,-20.5,20.5,,
105,2,860198,10344,-20.5,20.5,,
105,2,409068,5010,-20.5,20.5,,
105,2,112966,25008,-20.5,20.5,,
105,2,534792,100080,-20.5,20.5,,
105,2,878091,100180,-20.5,20.5,,
105,2,664873,115218,-20.5,20.5,,
105,2,745971,115218,-20.5,20.5,,
105,2,640329,15274,-20.5,20.5,,
105,2,857804,145329,-20.5,20.5,,
105,2,897084,140016,-21,21,,
105,2,964085,25029,-21,21,,
105,2,609518,110042,-21,21,,
105,2,280757,190050,-21,21,,
105,2,938711,70051,-21,21,,
105,2,272819,225078,-21,21,,
105,2,491459,50082,-21,21,,
105,2,462368,30081,-21,21,,
105,2,320752,190114,-21,21,,
105,2,19567,70121,-21,21,,
105,2,639916,195127,-21,21,,
105,2,811880,145130,-21,21,,
105,2,257549,80128,-21,21,,
105,2,615385,175,-21,21,,
105,2,558135,15180,-21,21,,
105,2,298235,210197,-21,21,,
105,2,494722,55197,-21,21,,
105,2,572470,190206,-21,21,,
105,2,636084,20247,-21,21,,
105,2,509329,130245,-21,21,,
105,2,948528,210289,-21,21,,
105,2,213205,210289,-21,21,,
105,2,740108,50316,-21,21,,
105,2,946992,30307,-21,21,,
105,2,668217,140322,-21,21,,
105,2,919640,185301,-21,21,,
105,2,300184,170314,-21,21,,
105,2,342819,30307,-21,21,,
105,2,397524,120357,-21,21,,
105,2,646092,120357,-21,21,,
105,2,753471,215353,-21,21,,
105,2,659250,200378,-21,21,,
105,2,807283,135371,-21,21,,
105,2,298624,165390,-21,21,,
105,2,669539,155393,-21,21,,
105,2,517870,195405,-21,21,,
105,2,462368,140398,-21,21,,
105,2,253080,125423,-21,21,,
105,2,427561,220015,-21,21,,
105,2,119450,5067,-21,21,,
105,2,383983,15093,-21,21,,
105,2,77426,15093,-21,21,,
105,2,253742,220085,-21,21,,
105,2,409068,30096,-21,21,,
105,2,518625,35151,-21,21,,
105,2,377011,175178,-21,21,,
105,2,471907,160195,-21,21,,
105,2,408990,205229,-21,21,,
105,2,368829,40231,-21,21,,
105,2,959754,115237,-21,21,,
105,2,804309,115237,-21,21,,
105,2,721270,65278,-21,21,,
105,2,405865,85298,-21,21,,
105,2,351276,145347,-21,21,,
105,2,612837,145369,-21,21,,
105,2,583223,160362,-21,21,,
105,2,267528,135392,-21,21,,
105,2,612447,125386,-21,21,,
105,2,849834,65378,-21,21,,
105,2,849607,120403,-21,21,,
105,2,56291,65378,-21,21,,
105,2,94031,200414,-21,21,,
105,2,893498,115378,-21,21,,
105,2,389008,70390,-21,21,,
105,2,72177,95400,-21,21,,
105,2,903465,95400,-21,21,,
105,2,443523,130403,-21,21,,
105,2,596536,130404,-21,21,,
105,2,296610,130404,-21,21,,
105,2,810847,205449,-21,21,,
105,2,219464,200049,-21.5,21.5,,
105,2,444628,100063,-21.5,21.5,,
105,2,169707,115070,-21.5,21.5,,
105,2,287588,210115,-21.5,21.5,,
105,2,829183,200153,-21.5,21.5,,
105,2,331243,80128,-21.5,21.5,,
105,2,496982,105162,-21.5,21.5,,
105,2,822952,75191,-21.5,21.5,,
105,2,941197,180244,-21.5,21.5,,
105,2,621011,220204,-21.5,21.5,,
105,2,137354,35283,-21.5,21.5,,
105,2,888615,35283,-21.5,21.5,,
105,2,891954,160273,-21.5,21.5,,
105,2,660168,25300,-21.5,21.5,,
105,2,636659,210289,-21.5,21.5,,
105,2,638337,10288,-21.5,21.5,,
105,2,250388,225323,-21.5,21.5,,
105,2,671871,25321,-21.5,21.5,,
105,2,658535,185301,-21.5,21.5,,
105,2,608953,30307,-21.5,21.5,,
105,2,96021,225337,-21.5,21.5,,
105,2,346318,215347,-21.5,21.5,,
105,2,200463,60341,-21.5,21.5,,
105,2,55305,377,-21.5,21.5,,
105,2,869499,115351,-21.5,21.5,,
105,2,830367,40370,-21.5,21.5,,
105,2,422388,205007,-21.5,21.5,,
105,2,945510,130099,-21.5,21.5,,
105,2,202763,55167,-21.5,21.5,,
105,2,766258,235192,-21.5,21.5,,
105,2,601741,220168,-21.5,21.5,,
105,2,359812,220168,-21.5,21.5,,
105,2,949258,60189,-21.5,21.5,,
105,2,128027,190256,-21.5,21.5,,
105,2,45746,75236,-21.5,21.5,,
105,2,130117,75236,-21.5,21.5,,
105,2,821172,115237,-21.5,21.5,,
105,2,867348,115237,-21.5,21.5,,
105,2,80434,115237,-21.5,21.5,,
105,2,150535,115237,-21.5,21.5,,
105,2,801068,55305,-21.5,21.5,,
105,2,417287,20338,-21.5,21.5,,
105,2,275417,120403,-21.5,21.5,,
105,2,487948,65378,-21.5,21.5,,
105,2,593233,115378,-21.5,21.5,,
105,2,766109,170427,-21.5,21.5,,
105,2,659250,60062,-25.5,25.5,,
105,2,665374,55133,-25.5,25.5,,
105,2,710621,225160,-25.5,25.5,,
105,2,994173,225160,-25.5,25.5,,
105,2,604343,225160,-25.5,25.5,,
105,2,612440,55163,-25.5,25.5,,
105,2,116267,55167,-25.5,25.5,,
105,2,881658,55167,-25.5,25.5,,
105,2,663489,55167,-25.5,25.5,,
105,2,7390,130172,-25.5,25.5,,
105,2,516413,220167,-25.5,25.5,,
105,2,871632,60178,-25.5,25.5,,
105,2,541949,70254,-25.5,25.5,,
105,2,511169,70254,-25.5,25.5,,
105,2,798023,190278,-25.5,25.5,,
105,2,217952,25319,-25.5,25.5,,
105,2,345442,35431,-25.5,25.5,,
105,2,74825,155427,-25.5,25.5,,
105,2,67386,35438,-25.5,25.5,,
105,2,999243,115030,-25.5,25.5,,
105,2,567058,60089,-25.5,25.5,,
105,2,884405,220140,-25.5,25.5,,
105,2,855319,220140,-25.5,25.5,,
105,2,433786,75183,-25.5,25.5,,
105,2,275725,120232,-25.5,25.5,,
105,2,991789,50231,-25.5,25.5,,
105,2,311104,220192,-25.5,25.5,,
105,2,689020,35283,-25.5,25.5,,
105,2,721901,65265,-25.5,25.5,,
105,2,253410,40284,-25.5,25.5,,
105,2,580838,135328,-25.5,25.5,,
105,2,266702,145369,-25.5,25.5,,
105,2,604374,45376,-25.5,25.5,,
105,2,474142,15361,-25.5,25.5,,
105,2,274591,135435,-25.5,25.5,,
105,2,261892,5004,-26,26,,
105,2,196090,40000,-26,26,,
105,2,981708,35007,-26,26,,
105,2,468402,20012,-26,26,,
105,2,71238,35007,-26,26,,
105,2,404322,19,-26,26,,
105,2,645284,80003,-26,26,,
105,2,797288,190003,-26,26,,
105,2,540142,19,-26,26,,
105,2,957256,80003,-26,26,,
105,2,609247,125007,-26,26,,
105,2,888103,125007,-26,26,,
105,2,265888,140007,-26,26,,
105,2,574373,55017,-26,26,,
105,2,642927,125007,-26,26,,
105,2,800196,55017,-26,26,,
105,2,818885,55017,-26,26,,
105,2,983368,10029,-26,26,,
105,2,320041,55017,-26,26,,
105,2,591054,55017,-26,26,,
105,2,984080,55017,-26,26,,
105,2,153012,75021,-26,26,,
105,2,15857,155026,-26,26,,
105,2,755950,5038,-26,26,,
105,2,898532,5038,-26,26,,
105,2,87314,30040,-26,26,,
105,2,938543,30040,-26,26,,
105,2,118789,15046,-26,26,,
105,2,405469,30040,-26,26,,
105,2,241140,30040,-26,26,,
105,2,467526,110042,-26,26,,
105,2,91899,205044,-26,26,,
105,2,875004,200049,-26,26,,
105,2,720782,60050,-26,26,,
105,2,731021,95057,-26,26,,
105,2,447071,160062,-26,26,,
105,2,663468,160062,-26,26,,
105,2,193786,60055,-26,26,,
105,2,443949,160062,-26,26,,
105,2,305564,160062,-26,26,,
105,2,60089,65067,-26,26,,
105,2,535874,160062,-26,26,,
105,2,458162,10074,-26,26,,
105,2,662579,155062,-26,26,,
105,2,170475,10074,-26,26,,
105,2,898729,130071,-26,26,,
105,2,217931,185067,-26,26,,
105,2,215599,10074,-26,26,,
105,2,8229,130071,-26,26,,
105,2,856710,190076,-26,26,,
105,2,907799,180082,-26,26,,
105,2,574921,175084,-26,26,,
105,2,437452,180082,-26,26,,
105,2,262884,110076,-26,26,,
105,2,913100,175084,-26,26,,
105,2,602223,180082,-26,26,,
105,2,297899,180082,-26,26,,
105,2,84546,15093,-26,26,,
105,2,939012,40092,-26,26,,
105,2,618083,180082,-26,26,,
105,2,363281,75081,-26,26,,
105,2,63261,180082,-26,26,,
105,2,490403,40092,-26,26,,
105,2,612639,60078,-26,26,,
105,2,962107,180082,-26,26,,
105,2,98077,15093,-26,26,,
105,2,65153,40092,-26,26,,
105,2,40117,225093,-26,26,,
105,2,41614,160085,-26,26,,
105,2,345279,80086,-26,26,,
105,2,490935,160085,-26,26,,
105,2,84075,80086,-26,26,,
105,2,223972,160085,-26,26,,
105,2,665606,160085,-26,26,,
105,2,910131,25090,-26,26,,
105,2,614739,160085,-26,26,,
105,2,638036,160085,-26,26,,
105,2,999196,60089,-26,26,,
105,2,53504,130099,-26,26,,
105,2,437441,160085,-26,26,,
105,2,489366,160085,-26,26,,
105,2,328736,15108,-26,26,,
105,2,114060,130099,-26,26,,
105,2,403115,120104,-26,26,,
105,2,60050,160085,-26,26,,
105,2,32237,130099,-26,26,,
105,2,975807,130099,-26,26,,
105,2,140551,165116,-26,26,,
105,2,102806,145124,-26,26,,
105,2,467111,145124,-26,26,,
105,2,70876,105129,-26,26,,
105,2,186370,145124,-26,26,,
105,2,221349,105129,-26,26,,
105,2,256523,60113,-26,26,,
105,2,847010,105129,-26,26,,
105,2,469463,40134,-26,26,,
105,2,445410,10144,-26,26,,
105,2,233817,45142,-26,26,,
105,2,90475,195140,-26,26,,
105,2,539547,65145,-26,26,,
105,2,675250,195140,-26,26,,
105,2,545124,85145,-26,26,,
105,2,683976,65145,-26,26,,
105,2,548792,155145,-26,26,,
105,2,515720,10149,-26,26,,
105,2,220204,85145,-26,26,,
105,2,840285,65145,-26,26,,
105,2,738966,155145,-26,26,,
105,2,815401,80128,-26,26,,
105,2,15494,10149,-26,26,,
105,2,410290,65145,-26,26,,
105,2,406520,135156,-26,26,,
105,2,727748,200152,-26,26,,
105,2,223546,80128,-26,26,,
105,2,939816,10149,-26,26,,
105,2,664338,80128,-26,26,,
105,2,365872,175156,-26,26,,
105,2,507254,80128,-26,26,,
105,2,200049,185149,-26,26,,
105,2,927357,80128,-26,26,,
105,2,869144,200156,-26,26,,
105,2,211459,60141,-26,26,,
105,2,375533,200156,-26,26,,
105,2,732442,185149,-26,26,,
105,2,128857,225160,-26,26,,
105,2,21928,200156,-26,26,,
105,2,525963,65153,-26,26,,
105,2,844495,10158,-26,26,,
105,2,608179,225160,-26,26,,
105,2,981057,50153,-26,26,,
105,2,948493,200156,-26,26,,
105,2,259238,135169,-26,26,,
105,2,397257,200156,-26,26,,
105,2,784001,135169,-26,26,,
105,2,830525,55167,-26,26,,
105,2,815044,170169,-26,26,,
105,2,615277,200156,-26,26,,
105,2,785591,135169,-26,26,,
105,2,585323,55167,-26,26,,
105,2,781864,200156,-26,26,,
105,2,136685,55167,-26,26,,
105,2,74468,20187,-26,26,,
105,2,791699,55167,-26,26,,
105,2,886498,115165,-26,26,,
105,2,657412,100158,-26,26,,
105,2,866456,115165,-26,26,,
105,2,481455,5179,-26,26,,
105,2,500555,220167,-26,26,,
105,2,532764,193,-26,26,,
105,2,724356,115165,-26,26,,
105,2,77886,220167,-26,26,,
105,2,590302,235192,-26,26,,
105,2,793758,80155,-26,26,,
105,2,711608,150191,-26,26,,
105,2,63435,235192,-26,26,,
105,2,866456,193,-26,26,,
105,2,420022,220167,-26,26,,
105,2,955694,235192,-26,26,,
105,2,872504,220167,-26,26,,
105,2,839396,55182,-26,26,,
105,2,333137,70180,-26,26,,
105,2,225636,193,-26,26,,
105,2,114479,60178,-26,26,,
105,2,764884,195188,-26,26,,
105,2,760530,235192,-26,26,,
105,2,27420,235192,-26,26,,
105,2,578690,130187,-26,26,,
105,2,161611,5194,-26,26,,
105,2,363865,60178,-26,26,,
105,2,387670,5194,-26,26,,
105,2,319046,60178,-26,26,,
105,2,61706,215198,-26,26,,
105,2,552447,5194,-26,26,,
105,2,525963,150201,-26,26,,
105,2,531680,85189,-26,26,,
105,2,559442,5194,-26,26,,
105,2,400252,150201,-26,26,,
105,2,969047,140204,-26,26,,
105,2,972638,215203,-26,26,,
105,2,469869,110205,-26,26,,
105,2,628659,230207,-26,26,,
105,2,252520,25202,-26,26,,
105,2,303474,215203,-26,26,,
105,2,524144,90213,-26,26,,
105,2,75697,230207,-26,26,,
105,2,594530,75183,-26,26,,
105,2,983546,230207,-26,26,,
105,2,717243,230207,-26,26,,
105,2,87655,205213,-26,26,,
105,2,107677,115180,-26,26,,
105,2,244170,45210,-26,26,,
105,2,431698,180218,-26,26,,
105,2,997131,10218,-26,26,,
105,2,442284,190206,-26,26,,
105,2,575398,105218,-26,26,,
105,2,586932,130211,-26,26,,
105,2,479610,135220,-26,26,,
105,2,770307,220190,-26,26,,
105,2,613970,105218,-26,26,,
105,2,325036,130211,-26,26,,
105,2,953873,220190,-26,26,,
105,2,16226,220190,-26,26,,
105,2,66253,220190,-26,26,,
105,2,594254,220190,-26,26,,
105,2,159360,220190,-26,26,,
105,2,88500,155235,-26,26,,
105,2,87314,170235,-26,26,,
105,2,534297,220190,-26,26,,
105,2,636084,170235,-26,26,,
105,2,817644,220190,-26,26,,
105,2,741152,170235,-26,26,,
105,2,1724,220190,-26,26,,
105,2,963349,205229,-26,26,,
105,2,321817,220190,-26,26,,
105,2,597387,220190,-26,26,,
105,2,261321,130232,-26,26,,
105,2,957344,170248,-26,26,,
105,2,439074,20270,-26,26,,
105,2,442284,160236,-26,26,,
105,2,783332,190246,-26,26,,
105,2,705022,20270,-26,26,,
105,2,98251,10258,-26,26,,
105,2,318288,130245,-26,26,,
105,2,327194,190246,-26,26,,
105,2,856946,20270,-26,26,,
105,2,864950,10258,-26,26,,
105,2,1967,130245,-26,26,,
105,2,943533,200256,-26,26,,
105,2,810348,55248,-26,26,,
105,2,128625,20270,-26,26,,
105,2,235678,10258,-26,26,,
105,2,501600,130245,-26,26,,
105,2,60803,20270,-26,26,,
105,2,113821,10258,-26,26,,
105,2,216140,185241,-26,26,,
105,2,767628,100242,-26,26,,
105,2,486482,20270,-26,26,,
105,2,699094,10258,-26,26,,
105,2,956944,185241,-26,26,,
105,2,658264,100242,-26,26,,
105,2,944722,20270,-26,26,,
105,2,310022,10258,-26,26,,
105,2,411509,70254,-26,26,,
105,2,189657,20270,-26,26,,
105,2,934177,10258,-26,26,,
105,2,166264,70254,-26,26,,
105,2,571746,80234,-26,26,,
105,2,64322,45263,-26,26,,
105,2,8647,70254,-26,26,,
105,2,67934,155274,-26,26,,
105,2,182851,45263,-26,26,,
105,2,626717,80234,-26,26,,
105,2,552183,115237,-26,26,,
105,2,88355,85250,-26,26,,
105,2,921930,155274,-26,26,,
105,2,30834,45263,-26,26,,
105,2,723240,10258,-26,26,,
105,2,642819,70254,-26,26,,
105,2,121564,80234,-26,26,,
105,2,379485,65258,-26,26,,
105,2,492002,155274,-26,26,,
105,2,789452,130255,-26,26,,
105,2,406520,150278,-26,26,,
105,2,408338,155274,-26,26,,
105,2,571746,45263,-26,26,,
105,2,420269,130255,-26,26,,
105,2,586260,70254,-26,26,,
105,2,1405,70254,-26,26,,
105,2,360022,100253,-26,26,,
105,2,894926,70254,-26,26,,
105,2,212477,155275,-26,26,,
105,2,906875,70254,-26,26,,
105,2,526389,5272,-26,26,,
105,2,644399,70254,-26,26,,
105,2,485674,70254,-26,26,,
105,2,51550,100260,-26,26,,
105,2,113746,125284,-26,26,,
105,2,573697,100260,-26,26,,
105,2,94810,220222,-26,26,,
105,2,604468,100260,-26,26,,
105,2,185554,210289,-26,26,,
105,2,910439,60273,-26,26,,
105,2,978161,130274,-26,26,,
105,2,795524,65278,-26,26,,
105,2,405469,95287,-26,26,,
105,2,912950,210289,-26,26,,
105,2,78988,120300,-26,26,,
105,2,196915,65278,-26,26,,
105,2,636084,95287,-26,26,,
105,2,705117,170294,-26,26,,
105,2,624628,210289,-26,26,,
105,2,542661,110297,-26,26,,
105,2,645042,220229,-26,26,,
105,2,193155,230279,-26,26,,
105,2,68298,95287,-26,26,,
105,2,77824,110297,-26,26,,
105,2,753256,220229,-26,26,,
105,2,640827,110297,-26,26,,
105,2,581729,95287,-26,26,,
105,2,897386,130281,-26,26,,
105,2,752065,230279,-26,26,,
105,2,607548,160290,-26,26,,
105,2,72547,35310,-26,26,,
105,2,701526,45305,-26,26,,
105,2,786761,55305,-26,26,,
105,2,407097,125315,-26,26,,
105,2,503857,55305,-26,26,,
105,2,55590,30307,-26,26,,
105,2,74825,15313,-26,26,,
105,2,539464,90328,-26,26,,
105,2,408637,30307,-26,26,,
105,2,238681,90328,-26,26,,
105,2,247950,140322,-26,26,,
105,2,241199,30307,-26,26,,
105,2,705702,120333,-26,26,,
105,2,511714,90328,-26,26,,
105,2,111484,215328,-26,26,,
105,2,976792,115288,-26,26,,
105,2,943951,165348,-26,26,,
105,2,844705,45319,-26,26,,
105,2,258108,90328,-26,26,,
105,2,749587,90328,-26,26,,
105,2,336834,40319,-26,26,,
105,2,60285,90328,-26,26,,
105,2,387718,90328,-26,26,,
105,2,645034,85314,-26,26,,
105,2,68298,180347,-26,26,,
105,2,744226,40319,-26,26,,
105,2,707311,90328,-26,26,,
105,2,420214,85314,-26,26,,
105,2,21552,180347,-26,26,,
105,2,669800,135344,-26,26,,
105,2,19273,90328,-26,26,,
105,2,982481,230305,-26,26,,
105,2,638218,85314,-26,26,,
105,2,266582,40319,-26,26,,
105,2,888517,90328,-26,26,,
105,2,596755,60324,-26,26,,
105,2,493279,85314,-26,26,,
105,2,454505,40319,-26,26,,
105,2,107677,215337,-26,26,,
105,2,22779,85314,-26,26,,
105,2,375926,35347,-26,26,,
105,2,730823,15340,-26,26,,
105,2,998809,230308,-26,26,,
105,2,615645,15340,-26,26,,
105,2,617084,15340,-26,26,,
105,2,39091,195347,-26,26,,
105,2,817472,15340,-26,26,,
105,2,411506,25356,-26,26,,
105,2,757597,195347,-26,26,,
105,2,92526,15340,-26,26,,
105,2,408062,25356,-26,26,,
105,2,692082,195347,-26,26,,
105,2,984939,15340,-26,26,,
105,2,383448,25356,-26,26,,
105,2,392719,195347,-26,26,,
105,2,896273,15340,-26,26,,
105,2,849782,195347,-26,26,,
105,2,435740,15340,-26,26,,
105,2,38222,75328,-26,26,,
105,2,795487,185337,-26,26,,
105,2,47517,55344,-26,26,,
105,2,722272,225375,-26,26,,
105,2,24325,75328,-26,26,,
105,2,347879,190356,-26,26,,
105,2,209717,80331,-26,26,,
105,2,456464,80331,-26,26,,
105,2,773523,175381,-26,26,,
105,2,452876,80331,-26,26,,
105,2,963296,180378,-26,26,,
105,2,87314,180378,-26,26,,
105,2,382834,170360,-26,26,,
105,2,938543,180378,-26,26,,
105,2,128611,170360,-26,26,,
105,2,405469,180378,-26,26,,
105,2,380248,170360,-26,26,,
105,2,636084,180378,-26,26,,
105,2,338822,135383,-26,26,,
105,2,865263,185354,-26,26,,
105,2,113746,230340,-26,26,,
105,2,803397,75345,-26,26,,
105,2,545124,40355,-26,26,,
105,2,113048,120389,-26,26,,
105,2,220204,40355,-26,26,,
105,2,458047,55372,-26,26,,
105,2,166528,40355,-26,26,,
105,2,99425,180396,-26,26,,
105,2,408031,150406,-26,26,,
105,2,937653,10392,-26,26,,
105,2,823462,60373,-26,26,,
105,2,730021,150406,-26,26,,
105,2,601867,60373,-26,26,,
105,2,56792,60373,-26,26,,
105,2,72944,225415,-26,26,,
105,2,493988,60373,-26,26,,
105,2,900309,130373,-26,26,,
105,2,285568,200414,-26,26,,
105,2,287184,60373,-26,26,,
105,2,325982,200414,-26,26,,
105,2,783505,60373,-26,26,,
105,2,548271,120403,-26,26,,
105,2,825345,60373,-26,26,,
105,2,460443,60373,-26,26,,
105,2,257834,120403,-26,26,,
105,2,670096,60373,-26,26,,
105,2,627505,150422,-26,26,,
105,2,181114,45406,-26,26,,
105,2,377934,115378,-26,26,,
105,2,594638,180425,-26,26,,
105,2,58848,30402,-26,26,,
105,2,768261,35431,-26,26,,
105,2,696356,35431,-26,26,,
105,2,648030,155427,-26,26,,
105,2,635471,225449,-26,26,,
105,2,35523,432,-26,26,,
105,2,242826,225449,-26,26,,
105,2,378974,115394,-26,26,,
105,2,842777,35438,-26,26,,
105,2,8229,35438,-26,26,,
105,2,737010,35438,-26,26,,
105,2,888475,35438,-26,26,,
105,2,591848,135437,-26,26,,
105,2,74406,205449,-26,26,,
105,2,469726,135437,-26,26,,
105,2,820482,145448,-26,26,,
105,2,267665,35439,-26,26,,
105,2,160110,25003,-26,26,,
105,2,560071,25003,-26,26,,
105,2,617514,25003,-26,26,,
105,2,479885,35007,-26,26,,
105,2,827750,80003,-26,26,,
105,2,400069,210000,-26,26,,
105,2,256398,80003,-26,26,,
105,2,826891,35007,-26,26,,
105,2,479093,35007,-26,26,,
105,2,336216,140007,-26,26,,
105,2,926086,150008,-26,26,,
105,2,863733,125007,-26,26,,
105,2,638720,230010,-26,26,,
105,2,641549,10029,-26,26,,
105,2,539731,80014,-26,26,,
105,2,176217,115030,-26,26,,
105,2,952207,220025,-26,26,,
105,2,266787,115030,-26,26,,
105,2,240082,115030,-26,26,,
105,2,572642,115030,-26,26,,
105,2,81267,25029,-26,26,,
105,2,205250,115030,-26,26,,
105,2,412231,115030,-26,26,,
105,2,352502,10048,-26,26,,
105,2,450875,90041,-26,26,,
105,2,202089,220032,-26,26,,
105,2,281403,10048,-26,26,,
105,2,801214,90041,-26,26,,
105,2,991113,115030,-26,26,,
105,2,861594,105043,-26,26,,
105,2,979637,90044,-26,26,,
105,2,180924,155043,-26,26,,
105,2,758354,205044,-26,26,,
105,2,681920,60050,-26,26,,
105,2,473678,70050,-26,26,,
105,2,293492,235049,-26,26,,
105,2,623563,60050,-26,26,,
105,2,713896,200049,-26,26,,
105,2,239278,60050,-26,26,,
105,2,14460,50060,-26,26,,
105,2,877130,30054,-26,26,,
105,2,259319,200049,-26,26,,
105,2,607097,50060,-26,26,,
105,2,586932,95057,-26,26,,
105,2,815893,30056,-26,26,,
105,2,650868,50060,-26,26,,
105,2,325036,95057,-26,26,,
105,2,934974,30056,-26,26,,
105,2,714803,50060,-26,26,,
105,2,318223,110056,-26,26,,
105,2,291986,30056,-26,26,,
105,2,888818,50060,-26,26,,
105,2,648749,60055,-26,26,,
105,2,787806,30056,-26,26,,
105,2,160919,50060,-26,26,,
105,2,92453,90064,-26,26,,
105,2,592118,30056,-26,26,,
105,2,141340,50060,-26,26,,
105,2,270881,45073,-26,26,,
105,2,152146,195063,-26,26,,
105,2,981285,195063,-26,26,,
105,2,958155,195063,-26,26,,
105,2,898729,120074,-26,26,,
105,2,243915,185067,-26,26,,
105,2,393439,120074,-26,26,,
105,2,464667,185067,-26,26,,
105,2,346337,15086,-26,26,,
105,2,593059,175084,-26,26,,
105,2,300369,155074,-26,26,,
105,2,838107,5086,-26,26,,
105,2,942813,175084,-26,26,,
105,2,446726,5086,-26,26,,
105,2,956636,40092,-26,26,,
105,2,206349,185078,-26,26,,
105,2,538387,145088,-26,26,,
105,2,297309,190089,-26,26,,
105,2,885459,80086,-26,26,,
105,2,647109,205084,-26,26,,
105,2,251764,80086,-26,26,,
105,2,395525,220086,-26,26,,
105,2,302568,80086,-26,26,,
105,2,635896,235101,-26,26,,
105,2,546423,80086,-26,26,,
105,2,316877,80086,-26,26,,
105,2,953531,60089,-26,26,,
105,2,875406,80086,-26,26,,
105,2,581729,60089,-26,26,,
105,2,339754,80086,-26,26,,
105,2,995779,116,-26,26,,
105,2,921699,15108,-26,26,,
105,2,180522,80086,-26,26,,
105,2,999914,210115,-26,26,,
105,2,122138,70105,-26,26,,
105,2,785823,210115,-26,26,,
105,2,454823,165116,-26,26,,
105,2,607160,210115,-26,26,,
105,2,603409,5114,-26,26,,
105,2,886440,165116,-26,26,,
105,2,544932,210115,-26,26,,
105,2,497536,40117,-26,26,,
105,2,379699,210115,-26,26,,
105,2,585911,40117,-26,26,,
105,2,727555,40117,-26,26,,
105,2,140482,230124,-26,26,,
105,2,895680,105129,-26,26,,
105,2,29897,230124,-26,26,,
105,2,770822,50120,-26,26,,
105,2,814840,210122,-26,26,,
105,2,102916,190122,-26,26,,
105,2,841634,210122,-26,26,,
105,2,382788,190122,-26,26,,
105,2,276205,190122,-26,26,,
105,2,2244,190122,-26,26,,
105,2,707994,150136,-26,26,,
105,2,268745,150136,-26,26,,
105,2,520665,45142,-26,26,,
105,2,405523,45142,-26,26,,
105,2,664200,50131,-26,26,,
105,2,418055,45142,-26,26,,
105,2,704974,45142,-26,26,,
105,2,525494,45142,-26,26,,
105,2,368047,85145,-26,26,,
105,2,369599,45142,-26,26,,
105,2,851011,45142,-26,26,,
105,2,150931,85145,-26,26,,
105,2,211332,220140,-26,26,,
105,2,893926,90158,-26,26,,
105,2,353661,175156,-26,26,,
105,2,765610,85145,-26,26,,
105,2,4242,15156,-26,26,,
105,2,952541,220140,-26,26,,
105,2,883748,100151,-26,26,,
105,2,647217,65145,-26,26,,
105,2,768208,175156,-26,26,,
105,2,403432,85145,-26,26,,
105,2,683516,220140,-26,26,,
105,2,762458,100151,-26,26,,
105,2,329159,85145,-26,26,,
105,2,262841,235159,-26,26,,
105,2,802708,220140,-26,26,,
105,2,814966,100151,-26,26,,
105,2,697473,85145,-26,26,,
105,2,330877,100151,-26,26,,
105,2,847250,100151,-26,26,,
105,2,591987,100151,-26,26,,
105,2,679317,100151,-26,26,,
105,2,760583,65153,-26,26,,
105,2,140204,100151,-26,26,,
105,2,851441,145159,-26,26,,
105,2,580513,65153,-26,26,,
105,2,757731,190158,-26,26,,
105,2,196967,200156,-26,26,,
105,2,346036,65153,-26,26,,
105,2,234739,115165,-26,26,,
105,2,212627,115165,-26,26,,
105,2,163855,115165,-26,26,,
105,2,994592,115165,-26,26,,
105,2,548631,160163,-26,26,,
105,2,77379,115165,-26,26,,
105,2,491540,160163,-26,26,,
105,2,739004,230182,-26,26,,
105,2,229025,115165,-26,26,,
105,2,893781,115165,-26,26,,
105,2,160236,115165,-26,26,,
105,2,993685,70177,-26,26,,
105,2,682390,90194,-26,26,,
105,2,227976,193,-26,26,,
105,2,276774,115165,-26,26,,
105,2,547896,135188,-26,26,,
105,2,683681,75183,-26,26,,
105,2,453649,115165,-26,26,,
105,2,338281,70180,-26,26,,
105,2,585395,75183,-26,26,,
105,2,365101,193,-26,26,,
105,2,72568,115165,-26,26,,
105,2,863606,210189,-26,26,,
105,2,227335,190185,-26,26,,
105,2,976396,75183,-26,26,,
105,2,683247,115165,-26,26,,
105,2,220190,55182,-26,26,,
105,2,77379,193,-26,26,,
105,2,117817,75183,-26,26,,
105,2,119213,115165,-26,26,,
105,2,193260,100180,-26,26,,
105,2,893781,193,-26,26,,
105,2,896695,75183,-26,26,,
105,2,950540,115165,-26,26,,
105,2,833274,193,-26,26,,
105,2,631501,75183,-26,26,,
105,2,280489,100180,-26,26,,
105,2,513452,193,-26,26,,
105,2,988258,75183,-26,26,,
105,2,840253,5194,-26,26,,
105,2,716834,150201,-26,26,,
105,2,523498,193,-26,26,,
105,2,285779,75183,-26,26,,
105,2,276774,193,-26,26,,
105,2,282320,75183,-26,26,,
105,2,506705,193,-26,26,,
105,2,906687,75183,-26,26,,
105,2,577241,75183,-26,26,,
105,2,131736,90213,-26,26,,
105,2,958439,135207,-26,26,,
105,2,172695,75183,-26,26,,
105,2,270257,90213,-26,26,,
105,2,264640,75183,-26,26,,
105,2,903974,95206,-26,26,,
105,2,220580,210208,-26,26,,
105,2,880704,115180,-26,26,,
105,2,854110,95206,-26,26,,
105,2,836526,190206,-26,26,,
105,2,732521,95206,-26,26,,
105,2,97278,215209,-26,26,,
105,2,937399,190206,-26,26,,
105,2,682900,160195,-26,26,,
105,2,354129,205213,-26,26,,
105,2,905259,85200,-26,26,,
105,2,998257,205213,-26,26,,
105,2,898182,40210,-26,26,,
105,2,16375,220190,-26,26,,
105,2,678243,40210,-26,26,,
105,2,521751,40210,-26,26,,
105,2,946568,10221,-26,26,,
105,2,181114,40210,-26,26,,
105,2,15292,120232,-26,26,,
105,2,52552,220190,-26,26,,
105,2,746268,120232,-26,26,,
105,2,942379,220190,-26,26,,
105,2,195188,170235,-26,26,,
105,2,616547,165250,-26,26,,
105,2,597399,230236,-26,26,,
105,2,250448,85228,-26,26,,
105,2,340272,75214,-26,26,,
105,2,958018,85228,-26,26,,
105,2,538475,85228,-26,26,,
105,2,86555,225260,-26,26,,
105,2,230340,10258,-26,26,,
105,2,316088,170251,-26,26,,
105,2,427267,185241,-26,26,,
105,2,689524,220204,-26,26,,
105,2,670355,170251,-26,26,,
105,2,135597,185241,-26,26,,
105,2,713053,220204,-26,26,,
105,2,353884,185241,-26,26,,
105,2,147277,55248,-26,26,,
105,2,179439,205252,-26,26,,
105,2,529562,90267,-26,26,,
105,2,759533,220204,-26,26,,
105,2,97446,205252,-26,26,,
105,2,432042,220204,-26,26,,
105,2,119753,220204,-26,26,,
105,2,514502,15271,-26,26,,
105,2,328036,10258,-26,26,,
105,2,175992,80234,-26,26,,
105,2,85189,10258,-26,26,,
105,2,110957,15274,-26,26,,
105,2,681906,85250,-26,26,,
105,2,408099,45263,-26,26,,
105,2,571055,15274,-26,26,,
105,2,703772,220211,-26,26,,
105,2,358445,15274,-26,26,,
105,2,345518,220211,-26,26,,
105,2,287379,155274,-26,26,,
105,2,689901,15274,-26,26,,
105,2,136492,220211,-26,26,,
105,2,264708,210276,-26,26,,
105,2,306063,15274,-26,26,,
105,2,935139,220211,-26,26,,
105,2,790684,5272,-26,26,,
105,2,72255,35283,-26,26,,
105,2,933087,125278,-26,26,,
105,2,333924,210277,-26,26,,
105,2,950909,65265,-26,26,,
105,2,356553,210277,-26,26,,
105,2,813964,55268,-26,26,,
105,2,769487,5272,-26,26,,
105,2,884037,35283,-26,26,,
105,2,940463,230279,-26,26,,
105,2,327623,230279,-26,26,,
105,2,237146,100260,-26,26,,
105,2,365756,230279,-26,26,,
105,2,533105,100260,-26,26,,
105,2,528708,230279,-26,26,,
105,2,122279,110291,-26,26,,
105,2,514333,230279,-26,26,,
105,2,607531,60273,-26,26,,
105,2,49034,30287,-26,26,,
105,2,261508,230279,-26,26,,
105,2,735763,100260,-26,26,,
105,2,204169,230279,-26,26,,
105,2,887675,30287,-26,26,,
105,2,518295,85270,-26,26,,
105,2,637912,30287,-26,26,,
105,2,639662,230279,-26,26,,
105,2,739948,100260,-26,26,,
105,2,864276,110297,-26,26,,
105,2,302214,15292,-26,26,,
105,2,537284,230279,-26,26,,
105,2,128464,65278,-26,26,,
105,2,86226,95287,-26,26,,
105,2,31739,170294,-26,26,,
105,2,578906,15292,-26,26,,
105,2,452371,65278,-26,26,,
105,2,566303,170294,-26,26,,
105,2,906602,230279,-26,26,,
105,2,195188,95287,-26,26,,
105,2,74999,210289,-26,26,,
105,2,214993,130281,-26,26,,
105,2,848486,170294,-26,26,,
105,2,902774,230279,-26,26,,
105,2,391625,65278,-26,26,,
105,2,439154,110297,-26,26,,
105,2,751824,230279,-26,26,,
105,2,629971,195300,-26,26,,
105,2,399755,110297,-26,26,,
105,2,274138,130281,-26,26,,
105,2,778823,230279,-26,26,,
105,2,571746,105310,-26,26,,
105,2,938410,230279,-26,26,,
105,2,290675,230279,-26,26,,
105,2,770822,235320,-26,26,,
105,2,67263,230279,-26,26,,
105,2,660278,35311,-26,26,,
105,2,777656,190305,-26,26,,
105,2,401345,30307,-26,26,,
105,2,833854,30307,-26,26,,
105,2,183414,95300,-26,26,,
105,2,577940,70290,-26,26,,
105,2,24432,95300,-26,26,,
105,2,602456,145319,-26,26,,
105,2,697625,95300,-26,26,,
105,2,9295,135328,-26,26,,
105,2,999678,20329,-26,26,,
105,2,887081,95300,-26,26,,
105,2,842539,170314,-26,26,,
105,2,556317,90328,-26,26,,
105,2,490403,100288,-26,26,,
105,2,701701,95300,-26,26,,
105,2,892970,170314,-26,26,,
105,2,796861,90328,-26,26,,
105,2,65153,100288,-26,26,,
105,2,872548,95300,-26,26,,
105,2,871276,30307,-26,26,,
105,2,296558,100288,-26,26,,
105,2,90798,165348,-26,26,,
105,2,629037,15320,-26,26,,
105,2,494330,95300,-26,26,,
105,2,267854,90328,-26,26,,
105,2,284322,100288,-26,26,,
105,2,668369,215328,-26,26,,
105,2,594845,100288,-26,26,,
105,2,334698,215328,-26,26,,
105,2,782958,165348,-26,26,,
105,2,746268,145329,-26,26,,
105,2,700932,215328,-26,26,,
105,2,264739,165348,-26,26,,
105,2,296714,225344,-26,26,,
105,2,575986,40319,-26,26,,
105,2,505123,40319,-26,26,,
105,2,320928,90328,-26,26,,
105,2,875637,230305,-26,26,,
105,2,770822,210327,-26,26,,
105,2,414205,40319,-26,26,,
105,2,917632,230305,-26,26,,
105,2,264739,215337,-26,26,,
105,2,907639,230305,-26,26,,
105,2,990341,60324,-26,26,,
105,2,556188,40319,-26,26,,
105,2,296094,195344,-26,26,,
105,2,223454,215337,-26,26,,
105,2,784001,205344,-26,26,,
105,2,7157,40319,-26,26,,
105,2,462711,40319,-26,26,,
105,2,109442,195347,-26,26,,
105,2,284677,195347,-26,26,,
105,2,556455,145348,-26,26,,
105,2,49482,140350,-26,26,,
105,2,730328,140350,-26,26,,
105,2,495248,55344,-26,26,,
105,2,199783,140350,-26,26,,
105,2,387286,55344,-26,26,,
105,2,369782,140350,-26,26,,
105,2,311548,140350,-26,26,,
105,2,174112,80331,-26,26,,
105,2,245066,55344,-26,26,,
105,2,179748,200378,-26,26,,
105,2,221656,140350,-26,26,,
105,2,570913,140350,-26,26,,
105,2,681977,140350,-26,26,,
105,2,775505,145365,-26,26,,
105,2,668560,140350,-26,26,,
105,2,397524,90353,-26,26,,
105,2,334290,140350,-26,26,,
105,2,741047,140350,-26,26,,
105,2,290991,160357,-26,26,,
105,2,78741,60352,-26,26,,
105,2,815143,140350,-26,26,,
105,2,84035,60352,-26,26,,
105,2,519875,140350,-26,26,,
105,2,901501,60352,-26,26,,
105,2,991292,140350,-26,26,,
105,2,271113,60352,-26,26,,
105,2,932434,205376,-26,26,,
105,2,869523,160362,-26,26,,
105,2,457007,15361,-26,26,,
105,2,969047,135384,-26,26,,
105,2,234806,15361,-26,26,,
105,2,303898,15361,-26,26,,
105,2,368047,40355,-26,26,,
105,2,659181,230342,-26,26,,
105,2,187116,15361,-26,26,,
105,2,77426,40355,-26,26,,
105,2,629037,230342,-26,26,,
105,2,214024,120389,-26,26,,
105,2,466314,130367,-26,26,,
105,2,946632,230342,-26,26,,
105,2,72547,160369,-26,26,,
105,2,824083,130367,-26,26,,
105,2,275797,165405,-26,26,,
105,2,557347,15361,-26,26,,
105,2,17137,125386,-26,26,,
105,2,457890,383,-26,26,,
105,2,587882,130367,-26,26,,
105,2,90328,15361,-26,26,,
105,2,609442,155394,-26,26,,
105,2,614556,130367,-26,26,,
105,2,944713,150406,-26,26,,
105,2,969922,15361,-26,26,,
105,2,205227,125386,-26,26,,
105,2,539470,155394,-26,26,,
105,2,91493,130367,-26,26,,
105,2,403419,15361,-26,26,,
105,2,80459,125386,-26,26,,
105,2,218866,155394,-26,26,,
105,2,188819,130367,-26,26,,
105,2,889648,150406,-26,26,,
105,2,439074,125386,-26,26,,
105,2,325874,155394,-26,26,,
105,2,305564,130367,-26,26,,
105,2,537635,150406,-26,26,,
105,2,705022,125386,-26,26,,
105,2,775274,155394,-26,26,,
105,2,186922,15364,-26,26,,
105,2,856946,125386,-26,26,,
105,2,849815,155394,-26,26,,
105,2,583611,10392,-26,26,,
105,2,538884,225415,-26,26,,
105,2,64717,155394,-26,26,,
105,2,450866,200414,-26,26,,
105,2,626892,155394,-26,26,,
105,2,418609,200414,-26,26,,
105,2,442302,10395,-26,26,,
105,2,365935,120403,-26,26,,
105,2,915944,200414,-26,26,,
105,2,539731,25418,-26,26,,
105,2,119695,235433,-26,26,,
105,2,70254,220353,-26,26,,
105,2,111879,70390,-26,26,,
105,2,517870,95400,-26,26,,
105,2,466928,140398,-26,26,,
105,2,670297,235438,-26,26,,
105,2,744810,235438,-26,26,,
105,2,668570,150431,-26,26,,
105,2,122812,85399,-26,26,,
105,2,603079,85399,-26,26,,
105,2,943785,200438,-26,26,,
105,2,985059,135435,-26,26,,
105,2,606546,95406,-26,26,,
105,2,179624,130403,-26,26,,
105,2,773880,170424,-26,26,,
105,2,806368,135435,-26,26,,
105,2,759527,130403,-26,26,,
105,2,20791,170424,-26,26,,
105,2,536889,225449,-26,26,,
105,2,119002,130403,-26,26,,
105,2,598332,115394,-26,26,,
105,2,467393,135435,-26,26,,
105,2,611077,225449,-26,26,,
105,2,641387,130403,-26,26,,
105,2,17354,135435,-26,26,,
105,2,626764,210440,-26,26,,
105,2,943264,135435,-26,26,,
105,2,78010,210440,-26,26,,
105,2,721257,130403,-26,26,,
105,2,530797,135435,-26,26,,
105,2,519138,40401,-26,26,,
105,2,672680,110442,-26,26,,
105,2,188241,40401,-26,26,,
105,2,56574,110442,-26,26,,
105,2,585905,105456,-26,26,,
105,2,690875,110442,-26,26,,
105,2,350036,105456,-26,26,,
105,2,85861,110442,-26,26,,
105,3,801711,195281,-42,0,22,
105,3,689496,165096,-40,0,23,
105,3,161705,241,-41,0,23,
105,3,833915,125275,-41,0,23,
105,3,114045,125275,-41,0,23,
105,3,807772,180377,-41,0,23,
105,3,523223,195057,-41,0,24,
105,3,479899,185194,-32,0,31,
105,3,728206,185194,-42,0,31,
105,3,809033,105255,-33,0,31,
105,3,862416,70070,-43,0,32,
105,3,238059,70070,-32,0,32,
105,3,532862,40155,-32,0,32,
105,3,742289,40155,-32,0,32,
105,3,803080,40155,-32,0,32,
105,3,510914,40155,-32,0,32,
105,3,333153,15194,-31,0,32,
105,3,659064,85258,-31,0,32,
105,3,251550,235351,-31,0,32,
105,3,475719,200394,-41,0,32,
105,3,375927,125406,-31,0,32,
105,3,205948,155044,-32,0,33,
105,3,84053,105314,-40,0,33,
105,3,975438,165050,-24,0,40,
105,3,962245,75174,-24,0,40,
105,3,185997,35237,-33,0,40,
105,3,536054,200059,-32,0,41,
105,3,37249,50073,-24,0,41,
105,3,94293,145101,-41,0,41,
105,3,824430,20228,-32,0,41,
105,3,196680,210242,-23,0,41,
105,3,707122,140274,-23,0,41,
105,3,401305,145285,-23,0,41,
105,3,527492,145285,-24,0,41,
105,3,172096,145285,-23,0,41,
105,3,711126,100260,-23,0,41,
105,3,57801,10423,-32,0,41,
105,3,567672,205054,-32,0,42,
105,3,812912,235320,-33,0,42,
105,4,821921,85007,-35,-7,7,37
105,4,84060,25024,-40,-12,12,41
105,4,953763,210254,-41,-12,12,41
105,4,259805,15270,-37.5,-14.5,14.5,38.5
